open_time,open,high,low,close,volume,macd,signal,hist
2017-08-14,4261.48,4485.39,3850.0,4086.29,2843.431426,0.0,0.0,0.0
2017-08-21,4069.13,4453.91,3400.0,4310.01,4599.396629,17.846609686610464,3.569321937322093,14.277287749288371
2017-08-28,4310.01,4939.19,4124.54,4509.08,4753.843376,47.50584394607267,12.35662633907221,35.149217607000466
2017-09-04,4505.0,4788.59,3603.0,4130.37,6382.787745,39.99127427532585,17.88355592632294,22.10771834900291
2017-09-11,4153.62,4394.59,2817.0,3699.99,8106.705127,-0.6842577946363235,14.169993182131089,-14.854250976767412
2017-09-18,3690.0,4123.2,3505.55,3660.02,5908.32335,-35.73324437030897,4.1893456716430775,-39.92259004195204
2017-09-25,3660.02,4406.52,3653.69,4378.48,5782.305424,-5.473011694607521,2.256874198392958,-7.729885893000479
2017-10-02,4400.0,4658.0,4110.0,4640.0,4708.272956,39.159512614784035,9.637401881671174,29.52211073311286
2017-10-09,4640.0,5922.3,4550.0,5709.99,7913.925837,159.03707994989418,39.51733749531577,119.5197424545784
2017-10-16,5710.0,6171.0,5037.95,5950.02,12157.769447,270.2935548711348,85.67258097047957,184.62097390065523
2017-10-23,5975.0,6189.88,5286.98,6169.98,13133.99457,371.9267069618945,142.92340616876257,229.00330079313196
2017-10-30,6133.01,7590.25,6030.0,7345.01,11663.209648,541.0499263268839,222.54871020038684,318.50121612649707
2017-11-06,7345.1,7770.02,5325.01,5811.03,18916.3199,545.0192870678084,287.04282557387114,257.9764614939372
2017-11-13,5839.94,8123.15,5699.99,8038.0,19791.101011,719.5681675677606,373.54789397264904,346.0202735951116
2017-11-20,8057.11,9350.0,7801.0,9128.02,28921.859792,935.0759438276336,485.85350394364593,449.2224398839877
2017-11-27,9128.0,11825.0,8520.0,11165.41,48427.94965,1255.7917691728035,639.8411569894774,615.950612183326
2017-12-04,11165.41,17204.99,10802.0,14899.98,72469.977627,1790.6682503500997,870.0065756616019,920.6616746884978
2017-12-11,14946.26,19798.68,14666.56,18860.02,67851.486215,2505.2251714964113,1197.050294828564,1308.1748766678475
2017-12-18,18860.04,19300.0,10961.0,13500.0,135385.440322,2608.933697505672,1479.4269753639855,1129.5067221416866
2017-12-25,13500.0,16498.05,11750.0,13716.36,116522.754321,2677.714865205171,1719.0845533322226,958.6303118729484
2018-01-01,13715.65,17176.24,12750.0,16150.03,120239.399359,2895.226892716686,1954.3130212091155,940.9138715075705
2018-01-08,16218.85,16322.3,11400.0,13474.99,137537.904565,2819.2547559497307,2127.301368157239,691.9533877924919
2018-01-15,13477.98,14249.99,9035.0,11530.0,303127.502137,2572.448269810953,2216.3307484879815,356.1175213229717
2018-01-22,11530.0,12244.0,9900.24,11879.95,198030.051117,2377.6819542342946,2248.6009896372443,129.0809645970503
2018-01-29,11879.95,11975.02,7930.0,8184.81,202016.407759,1903.2221690476308,2179.525225519322,-276.303056471691
2018-02-05,8179.99,9065.78,6000.01,8063.88,340794.292131,1500.1584379863107,2043.6518680127197,-543.493430026409
2018-02-12,8063.82,11274.0,8053.0,10383.43,311863.068137,1352.3072704825845,1905.3829485066929,-553.0756780241084
2018-02-19,10375.01,11786.01,9274.8,9590.0,350623.132911,1157.7649908659023,1755.8593569785348,-598.0943661126325
2018-02-26,9590.0,11565.0,9350.0,11515.0,183970.997614,1145.7131764554997,1633.830120873928,-488.1169444184284
2018-03-05,11515.0,11710.0,8329.0,9533.57,282035.225382,965.151519279767,1500.094400555096,-534.942881275329
2018-03-12,9533.57,9888.88,7322.0,8189.99,315835.151606,705.5067848055623,1341.1768774051893,-635.670092599627
2018-03-19,8189.0,9177.01,8088.4,8470.15,285211.539511,516.3904055473631,1176.219583033624,-659.829177486261
2018-03-26,8470.14,8514.89,6430.0,6813.01,308729.492031,230.1440069200271,987.0044678109048,-756.8604608908777
2018-04-02,6813.01,7520.0,6500.0,7018.0,232320.070499,19.606640395248178,793.5249023277735,-773.9182619325253
2018-04-09,7011.04,8429.54,6611.0,8355.0,259877.022414,-38.91245463579071,627.0374309350607,-665.9498855708514
2018-04-16,8355.07,9035.0,7825.4,8787.02,233025.38619,-49.854167783918456,491.65911119126486,-541.5132789751833
2018-04-23,8785.7,9759.82,8651.62,9419.0,306668.07214,-7.444237426652762,391.8384414676814,-399.28267889433414
2018-04-30,9417.04,10020.0,8800.49,9659.01,222274.38854,45.013847467804226,322.47352266770594,-277.4596751999017
2018-05-07,9661.02,9689.67,8153.0,8679.71,224151.298751,7.479710590610921,259.47476025228696,-251.99504966167603
2018-05-14,8679.71,8879.99,7911.9,8526.98,182713.826012,-34.1962053170555,200.74056713841847,-234.93677245547397
2018-05-21,8526.97,8595.31,7231.11,7338.99,190894.600939,-161.22700888782492,128.3470519331698,-289.57406082099476
2018-05-28,7338.99,7786.69,7032.95,7714.26,211929.270766,-228.97915403429215,56.88181073967742,-285.86096477396956
2018-06-04,7714.26,7765.0,6622.81,6764.99,211352.737478,-355.17711215150484,-25.52997383855903,-329.6471383129458
2018-06-11,6765.0,6922.0,6118.68,6449.61,234080.841171,-475.16107236126936,-115.45619354310111,-359.70487881816825
2018-06-18,6444.06,6841.74,5750.0,6136.97,234147.621015,-588.6906016155144,-210.1030751575838,-378.5875264579306
2018-06-25,6137.95,6528.99,5780.0,6356.81,207746.559006,-653.3924196737926,-298.7609440608256,-354.631475612967
2018-07-02,6360.82,6818.16,6271.62,6712.1,211526.019058,-668.2964375864176,-372.668042765944,-295.6283948204736
2018-07-09,6712.1,6802.06,6070.0,6353.01,192452.84988,-701.0028170041551,-438.3349976135862,-262.66781939056887
2018-07-16,6354.15,7700.0,6330.4,7394.79,294313.222604,-635.5338798869507,-477.77477406825915,-157.75910581869152
2018-07-23,7394.78,8491.77,7375.0,8211.0,288666.047141,-511.88723251720967,-484.5972657580493,-27.289966759160393
2018-07-30,8210.99,8273.0,6882.29,7024.19,282090.103584,-503.85390785411073,-488.4485941772616,-15.405313676849119
2018-08-06,7024.19,7160.0,5971.0,6308.33,334426.550743,-548.9237086695848,-500.5436170757263,-48.38009159385854
2018-08-13,6308.56,6620.0,5880.0,6477.53,378189.296487,-564.4818294376109,-513.3312595481033,-51.150569889507665
2018-08-20,6477.53,6882.54,6220.0,6700.0,286906.539311,-552.491504347744,-521.1633085080314,-31.328195839712635
2018-08-27,6700.0,7345.45,6646.5,7302.01,294674.913005,-488.77758578049543,-514.6861639625242,25.908578182028805
2018-09-03,7302.0,7410.0,6111.0,6250.81,306231.623424,-517.145568831449,-515.1780449363092,-1.9675238951398342
2018-09-10,6252.26,6584.99,6169.68,6505.0,227428.182854,-513.2005348248576,-514.7825429140189,1.5820080891612633
2018-09-17,6500.08,6839.03,6123.0,6708.0,244256.490121,-488.06752487866834,-509.43953930694886,21.372014428280522
2018-09-24,6706.81,6814.8,6325.02,6626.57,242598.872471,-469.3102376002744,-501.413678965614,32.10344136533962
2018-10-01,6626.57,6697.0,6430.0,6615.26,141836.476483,-450.16831466021904,-491.16460610453504,40.996291444316
2018-10-08,6615.26,6715.6,6205.0,6339.34,166310.813544,-452.0516705942473,-483.3420190024775,31.290348408230216
2018-10-15,6339.34,7680.0,6300.0,6590.11,211592.623139,-428.37120392610177,-472.3478559872024,43.97665206110065
2018-10-22,6590.12,6639.0,6453.0,6489.93,75328.885385,-412.92797558010625,-460.4638799057832,47.53590432567694
2018-10-29,6489.93,6525.0,6245.02,6485.85,71945.400607,-396.4483183223583,-447.66076758909827,51.21244926673995
2018-11-05,6485.85,6615.15,6355.0,6449.81,76161.78188,-381.89396214238695,-434.50740649975603,52.613444357369076
2018-11-12,6450.71,6498.0,5403.42,5662.0,205081.183938,-428.9841507518977,-433.4027553501844,4.41860459828672
2018-11-19,5661.94,5664.0,3652.66,4085.78,496323.79998,-586.7278124744262,-464.0677667750328,-122.66004569939338
2018-11-26,4088.69,4450.38,3689.12,4161.01,479459.914101,-697.6285410322553,-510.7799216264773,-186.84861940577798
2018-12-03,4160.55,4179.0,3222.0,3545.37,406435.817854,-825.6772766142321,-573.7593926240284,-251.9178839902038
2018-12-10,3548.49,3610.0,3156.26,3228.67,249791.790787,-941.8547500575005,-647.3784641107228,-294.4762859467777
2018-12-17,3229.22,4139.99,3216.0,3929.71,489096.741158,-966.2201808172385,-711.146807452026,-255.07337336521255
2018-12-24,3929.71,4198.0,3535.0,3801.91,332161.255442,-984.4937213746725,-765.8161902365554,-218.67753113811716
2018-12-31,3803.12,4027.71,3630.33,3987.6,214860.906242,-972.7784187188199,-807.2086359330083,-165.56978278581164
2019-01-07,3987.62,4069.8,3441.3,3476.81,245887.277948,-993.2607494731365,-844.419058641034,-148.84169083210247
2019-01-14,3477.56,3720.0,3467.02,3539.28,199395.792965,-993.0055869647158,-874.1363643057704,-118.86922265894543
2019-01-21,3539.26,3662.94,3434.85,3550.84,154566.450861,-980.5672050909998,-895.4225324628163,-85.14467262818346
2019-01-28,3550.05,3557.75,3349.92,3458.11,186574.105423,-967.0447440208127,-909.7469747744155,-57.29776924639714
2019-02-04,3458.11,3733.58,3373.1,3680.06,198350.673988,-927.724357210599,-913.3424512616523,-14.381905948946724
2019-02-11,3679.75,3700.11,3568.11,3667.58,167995.805139,-887.3409845563233,-908.1421579205864,20.80117336426315
2019-02-18,3667.62,4198.0,3655.0,3743.56,301384.22226,-839.5283594333846,-894.4193982231461,54.891038789761524
2019-02-25,3743.56,3888.0,3677.17,3807.75,190343.246726,-787.3804809532094,-873.0116147691589,85.63113381594951
2019-03-04,3807.32,3971.75,3670.69,3916.82,207833.42997,-728.8501433296733,-844.1793204812618,115.32917715158851
2019-03-11,3915.99,4056.98,3810.43,3981.14,185620.344813,-669.5561164926617,-809.2546796835419,139.69856319088024
2019-03-18,3981.85,4069.32,3880.01,3992.18,156283.263483,-614.5897294665965,-770.321689640153,155.73196017355644
2019-03-25,3991.35,4140.0,3888.71,4103.95,178114.875049,-555.604899409519,-727.3783315940262,171.77343218450721
2019-04-01,4102.44,5275.01,4067.0,5170.27,420989.968738,-417.9974695994497,-665.502159195111,247.50468959566126
2019-04-08,5170.27,5422.0,4861.22,5131.3,247866.407405,-308.5305947385759,-594.107846303804,285.57725156522804
2019-04-15,5131.28,5333.42,4950.0,5256.14,168555.911745,-209.2911845799017,-517.1445139590235,307.85332937912176
2019-04-22,5257.41,5600.0,5102.0,5307.52,247392.823904,-125.05573577091218,-438.72675832140123,313.67102255048906
2019-04-29,5309.81,5900.0,5178.8,5775.62,191971.589975,-20.29285438756233,-355.03997753463346,334.74712314707114
2019-05-06,5773.18,7521.78,5619.14,6967.31,313283.869612,157.08117352688623,-252.61574732232953,409.69692084921576
2019-05-13,6968.24,8366.0,6870.0,8148.48,461287.694139,388.4837176361898,-124.39585433062567,512.8795719668154
2019-05-20,8147.94,8740.0,7461.0,8614.43,341677.39881,602.5246428769697,20.988245110893388,581.5363977660763
2019-05-27,8612.54,9074.26,8005.0,8725.98,292049.043812,772.2527222778435,171.24114054428344,601.0115817335601
2019-06-03,8726.0,8800.95,7444.58,7628.13,293308.709696,808.8521836628261,298.763349167992,510.0888344948341
2019-06-10,7627.57,9333.0,7511.0,8953.33,274072.058371,934.023246757466,425.8153286858868,508.20791807157923
2019-06-17,8953.0,11392.64,8950.0,10906.07,378253.003065,1177.2217349739794,576.0966099435053,601.1251250304741
2019-06-24,10905.95,13970.0,10525.1,10854.1,684152.508772,1350.2004737763882,730.9173827100819,619.2830910663063
2019-07-01,10854.1,12000.0,9727.0,11406.24,517740.071693,1514.3835828235588,887.6106227327773,626.7729600907815
2019-07-08,11410.0,13147.08,10103.0,10174.18,510462.035678,1527.4751516460028,1015.5835285154224,511.89162313058046
2019-07-15,10174.18,11100.0,9060.0,10589.45,487080.97263,1553.4519061177634,1123.1572040358906,430.29470208187286
2019-07-22,10590.15,10683.16,9165.0,9541.54,269819.325109,1472.5069484404503,1193.0271529168026,279.4797955236477
2019-07-29,9541.54,11040.0,9395.0,10929.23,259518.806019,1503.0067457195864,1255.0230714773595,247.98367424222693
2019-08-05,10929.99,12330.7,10927.8,11549.97,371072.857661,1559.2920370839292,1315.8768645986736,243.41517248525565
2019-08-12,11539.08,11577.89,9750.0,10306.78,248273.374665,1486.4486381576007,1349.9912193104592,136.45741884714153
2019-08-19,10306.17,10949.96,9762.0,10142.69,232472.053331,1399.348212922925,1359.8626180329525,39.48559488997262
2019-08-26,10142.69,10604.0,9320.0,9724.98,211243.550288,1281.8385553980625,1344.2578055059746,-62.41925010791215
2019-09-02,9723.59,10905.87,9712.5,10381.18,281075.664908,1227.5111763640725,1320.9084796775942,-93.39730331352166
2019-09-09,10381.24,10480.0,9880.0,10302.01,207165.654458,1164.642703601101,1289.6553244622955,-125.01262086119459
2019-09-16,10303.34,10355.0,9653.0,10028.87,188644.199623,1080.3255502557404,1247.7893696209846,-167.46381936524426
2019-09-23,10028.05,10049.99,7750.0,8043.82,364560.064744,843.6021332443524,1166.9519223456582,-323.34978910130576
2019-09-30,8043.04,8500.0,7710.0,7854.25,239136.795399,633.3989759477463,1060.2413330660759,-426.8423571183296
2019-10-07,7855.3,8779.51,7762.0,8275.01,281416.738734,495.0565709324819,947.2043806393572,-452.14780970687525
2019-10-14,8275.24,8403.0,7816.01,8223.35,219241.792311,376.90595081018,833.1446946735217,-456.2387438633417
2019-10-21,8223.35,10370.0,7300.0,9529.93,508882.693756,384.27118061965666,743.3699918627487,-359.0988112430921
2019-10-28,9528.23,9902.1,8913.0,9194.71,354362.744327,358.9213044804201,666.480254386283,-307.55894990586296
2019-11-04,9196.46,9513.68,8696.0,9039.47,294282.771612,322.5862014712675,597.70144380328,-275.1152423320125
2019-11-11,9040.16,9072.32,8350.68,8502.4,239532.02348,247.59914126214426,527.6809832950528,-280.0818420329085
2019-11-18,8502.87,8503.52,6790.0,6903.28,422402.004703,58.46182467366452,433.8371515707751,-375.3753268971106
2019-11-25,6900.23,7850.0,6515.0,7390.89,503259.064291,-51.49125042755077,336.77147117110997,-388.26272159866073
2019-12-02,7391.5,7750.0,7067.0,7510.11,331484.783716,-127.53959986095288,243.90925696469742,-371.4488568256503
2019-12-09,7510.11,7650.0,7008.35,7118.59,252294.980408,-216.90056195423495,151.74729318091096,-368.6478551351459
2019-12-16,7119.6,7518.54,6435.0,7501.44,339611.461697,-253.90016972584635,70.6178005995595,-324.5179703254058
2019-12-23,7500.71,7695.38,7076.42,7388.24,267312.086935,-289.0252166155615,-1.3108028434646997,-287.7144137720968
2019-12-30,7388.43,7495.0,6871.04,7358.75,241051.798444,-315.603584217296,-64.16935911823096,-251.43422509906503
2020-01-06,7357.64,8455.0,7346.76,8184.98,498017.846898,-266.920384085126,-104.71956411160997,-162.20081997351602
2020-01-13,8184.97,9198.98,8055.89,8701.7,468235.627496,-184.51661892077482,-120.67897507344294,-63.837643847331876
2020-01-20,8701.72,8818.0,8238.0,8615.0,250977.001765,-124.76875027154529,-121.49693011306341,-3.271820158481873
2020-01-27,8614.39,9578.0,8535.0,9331.51,362870.208388,-19.37838309312974,-101.07322070907668,81.69483761594694
2020-02-03,9331.59,10166.0,9093.01,10151.75,364995.864834,128.8455043895974,-55.08947568934187,183.93498007893928
2020-02-10,10151.72,10500.0,9638.12,9917.27,427067.585189,224.80204866364693,0.8888291812558933,223.91321948239104
2020-02-17,9910.7,10250.0,9350.0,9936.4,360700.467719,298.94587054600925,60.50023745420657,238.44563309180268
2020-02-24,9936.4,9990.0,8411.0,8531.88,426585.458707,241.58748745616867,96.717687454599,144.86980000156967
2020-03-02,8530.3,9188.0,8000.0,8033.31,379197.13168,154.12348375379952,108.1988467144391,45.92463703936042
2020-03-09,8034.76,8179.31,3782.13,5361.3,1224228.28324,-129.3106329218881,60.69695078717366,-190.00758370906175
2020-03-16,5360.33,6900.0,4442.12,5816.19,1180843.345815,-313.61325273421426,-14.165089917103927,-299.4481628171103
2020-03-23,5816.05,6957.96,5688.0,5881.42,770380.80536,-449.23241922268426,-101.17855577822,-348.05386344446424
2020-03-30,5880.5,7198.0,5857.76,6772.78,664784.299583,-479.2616531470103,-176.79517525197807,-302.4664778950322
2020-04-06,6772.78,7459.69,6739.98,6903.79,582804.771087,-486.8762192911745,-238.81138405981736,-248.06483523135714
2020-04-13,6903.79,7293.08,6468.27,7120.74,501345.258903,-469.9870478167604,-285.046516811206,-184.94053100555442
2020-04-20,7121.4,7738.0,6751.0,7693.1,469098.312947,-405.7404656323415,-309.1853065754331,-96.5551590569084
2020-04-27,7693.1,9460.0,7606.0,8894.16,742165.162104,-254.96994721853844,-298.3422347040542,43.372287485515756
2020-05-04,8894.15,10067.0,8117.0,8722.77,780478.849466,-147.61139350722897,-268.1960664646891,120.58467295746016
2020-05-11,8722.77,9939.0,8200.0,9680.04,721487.837087,14.547033400574946,-211.64744649163632,226.19447989221126
2020-05-18,9681.11,9950.0,8700.0,8720.34,517248.177536,64.87119085369068,-156.34371902257092,221.2149098762616
2020-05-25,8718.14,9740.0,8642.72,9448.27,425528.246167,161.62816674027817,-92.7493418700011,254.37750861027928
2020-06-01,9448.27,10380.0,9266.0,9746.99,427822.495347,259.4225134691951,-22.314970802161866,281.73748427135695
2020-06-08,9746.99,9992.72,9113.0,9342.1,336172.771517,300.78671659334395,42.3053666769393,258.48134991640467
2020-06-15,9342.1,9589.0,8910.45,9294.69,323565.711842,325.98480489182475,99.04125431991639,226.94355057190836
2020-06-22,9294.69,9780.0,8833.0,9116.35,343601.083154,327.78541760554435,144.790086977042,182.99533062850236
2020-06-29,9116.16,9292.0,8893.03,9069.41,247256.195125,321.71620628318124,180.17531083826987,141.54089544491137
2020-07-06,9069.41,9470.0,9055.92,9302.75,284964.999673,331.90886172824503,210.52202101626492,121.38684071198011
2020-07-13,9303.31,9343.82,9047.25,9208.99,247602.692095,328.63269306864277,234.1441554267405,94.48853764190227
2020-07-20,9208.99,10111.0,9131.0,9931.54,346433.535115,379.9601085852664,263.30734605844566,116.65276252682077
2020-07-27,9931.54,12123.46,9917.21,11071.35,637793.811724,506.76888018848695,311.99965288445395,194.769227304033
2020-08-03,11071.36,11909.94,10936.0,11681.68,403167.45146,649.0326313854439,379.40624858465196,269.62638280079193
2020-08-10,11681.69,12067.35,11125.0,11911.0,468167.72232,771.3897853843646,457.8029559445945,313.5868294397701
2020-08-17,11910.99,12468.0,11376.81,11648.13,426710.483502,837.4931990828427,533.7410045722442,303.75219451059854
2020-08-24,11648.12,11824.9,11117.64,11711.16,355153.169372,884.7675750678864,603.9463186713726,280.8212563965137
2020-08-31,11711.17,12050.85,9825.0,10256.2,581777.756525,795.6578972776151,642.2886343926211,153.369262884994
2020-09-07,10255.89,10580.11,9850.0,10332.83,366759.994048,722.8882306638407,658.408553646865,64.47967701697564
2020-09-14,10332.84,11179.79,10212.34,10920.28,374339.558814,704.4990248477625,667.6266478870446,36.87237696071793
2020-09-21,10920.28,10988.86,10136.82,10774.25,331299.291081,670.4139316887522,668.1841046473861,2.229827041366093
2020-09-28,10774.26,10950.0,10374.0,10666.63,288073.126989,627.4839705905106,660.0440778360111,-32.56010724550049
2020-10-05,10666.62,11491.0,10525.0,11369.02,288404.145494,642.7296823159268,656.5811987319943,-13.851516416067511
2020-10-12,11369.02,11720.01,11172.0,11503.14,279657.097047,658.0488048094485,656.8747199474851,1.1740848619633653
2020-10-19,11503.14,13350.0,11407.96,13028.83,418993.354681,784.2592990159465,682.3516357611775,101.90766325476898
2020-10-26,13029.64,14100.0,12765.0,13761.5,485358.521716,932.6513466248434,732.4115779339107,200.2397686909327
2020-11-02,13761.49,15960.0,13195.05,15475.1,665037.146452,1174.9818529095955,820.9256329290478,354.0562199805478
2020-11-09,15475.1,16480.0,14805.54,15957.0,529729.426496,1389.8939948374264,934.7193053107235,455.1746895267029
2020-11-16,15957.0,18965.9,15864.0,18414.43,684197.642829,1738.4675078026776,1095.4689458091143,642.9985619935633
2020-11-23,18413.88,19484.21,16188.0,18184.99,676351.579974,1973.451912458615,1271.0655391390146,702.3863733196004
2020-11-30,18185.0,19888.0,18001.12,19359.4,537012.142931,2228.7521507222846,1462.6028614556685,766.149289266616
2020-12-07,19358.67,19420.91,17572.33,19174.99,414166.997237,2388.664050778183,1647.8150993201714,740.8489514580117
2020-12-14,19174.99,24295.0,19000.0,23455.52,650661.7243,2828.196689844446,1883.8914174250262,944.3052724194199
2020-12-21,23455.54,28422.0,21815.0,26281.66,688906.560557,3365.7767724195055,2180.2684884239225,1185.508283995583
2020-12-28,26281.54,34778.11,25880.0,33000.05,625132.263203,4284.541261360995,2601.1230430113374,1683.4182183496578
2021-01-04,33000.05,41950.0,28130.0,38150.02,850700.266152,5366.368125786823,3154.1720595664347,2212.1960662203883
2021-01-11,38150.02,40100.0,30420.0,35828.61,897339.67445,5967.614379957638,3716.8605236446756,2250.753856312963
2021-01-18,35824.99,37850.0,28850.0,32259.9,640226.935785,6085.985839721572,4190.685586860055,1895.300252861517
2021-01-25,32259.45,38531.9,29241.72,33092.98,747463.508509,6175.827572132392,4587.713983914523,1588.1135882178687
2021-02-01,33092.97,40955.51,32296.16,38795.69,583442.331544,6630.753629466995,4996.321913025017,1634.431716441978
2021-02-08,38795.69,49707.43,37988.89,48577.79,664186.270909,7691.951496273683,5535.44782967475,2156.503666598933
2021-02-15,48580.47,58352.8,45570.79,57408.57,533487.799699,9140.166446093466,6256.391552958494,2883.7748931349724
2021-02-22,57412.35,57508.47,43000.0,45135.66,737125.746365,9191.610792008189,6843.435400768432,2348.175391239756
2021-03-01,45134.11,52640.0,44950.53,50971.75,490819.562968,9592.725526932736,7393.2934260012935,2199.4321009314426
2021-03-08,50959.11,61844.0,49274.67,58968.31,514559.698685,10435.572620939907,8001.749264989017,2433.82335595089
2021-03-15,58976.08,60633.43,53271.34,57351.56,463194.21418,10848.027493783818,8571.004910747977,2277.0225830358413
2021-03-22,57351.56,58430.73,50427.56,55777.63,446278.628413,10921.995983974535,9041.20312539329,1880.792858581246
2021-03-29,55777.65,60200.0,54800.01,58202.01,367477.893273,11048.879148836495,9442.738330081931,1606.140818754564
2021-04-05,58202.01,61500.0,55473.0,60002.43,375865.593614,11165.999131006567,9787.390490266858,1378.6086407397088
2021-04-12,59998.8,64854.0,50931.3,56150.01,549048.298032,10823.196391897574,9994.551670593002,828.6447213045722
2021-04-19,56150.01,57526.81,46930.0,49066.77,568462.85096,9866.232691548386,9968.887874784079,-102.65518323569268
2021-04-26,49066.76,58458.07,48753.44,56578.21,395983.456013,9603.242297354023,9895.758759298069,-292.51646194404566
2021-05-03,56578.21,59500.0,52900.0,58240.84,504478.926303,9420.388486548145,9800.684704748084,-380.2962181999392
2021-05-10,58240.83,59500.0,43825.39,46431.5,684880.148197,8227.716486782308,9486.09106115493,-1258.3745743726213
2021-05-17,46426.83,46686.0,30000.0,34655.25,1386781.052144,6260.107752073658,8840.894399338675,-2580.7866472650167
2021-05-24,34681.44,40841.0,33379.0,35641.27,786531.163941,4725.850563887972,8017.885632248535,-3292.035068360563
2021-05-31,35641.26,39476.0,34153.84,35796.31,528299.504937,3482.3092276867974,7110.770351336188,-3628.46112364939
2021-06-07,35796.31,39380.0,31000.0,39020.57,700065.604915,2725.546195304836,6233.725520129918,-3508.1793248250815
2021-06-14,39020.56,41330.0,33336.0,35600.16,610333.962089,1828.7271107285997,5352.725838249655,-3523.998727521055
2021-06-21,35600.17,35750.0,28805.0,34700.34,907073.707598,1033.4703679896193,4488.874744197648,-3455.404376208029
2021-06-28,34702.49,36600.0,32699.0,35286.51,464791.763593,445.3885283167474,3680.1775010214687,-3234.7889727047213
2021-07-05,35288.13,35293.78,32077.0,34258.99,359766.235404,-102.4024119205933,2923.6615184330567,-3026.06393035365
2021-07-12,34259.0,34678.43,31020.0,31778.56,306160.987079,-728.2854287798109,2193.272128990483,-2921.557557770294
2021-07-19,31778.57,35398.0,29278.0,35381.02,383262.217154,-922.9743402361273,1570.022835145161,-2492.9971753812883
2021-07-26,35381.02,42599.0,35205.78,39845.44,568598.509606,-708.8540931977841,1114.247449476572,-1823.101542674356
2021-08-02,39850.27,45310.0,37332.7,43794.37,463107.670711,-218.00359659284004,847.7972402626896,-1065.8008368555297
2021-08-09,43794.36,48144.0,42779.0,46973.82,372867.979811,422.6815913066821,762.7741104714881,-340.09251916480605
2021-08-16,46973.82,49757.04,43927.7,49239.22,357634.462155,1100.5417061418411,830.3276296055587,270.2140765362824
2021-08-23,49239.22,50500.0,46250.0,48767.83,298905.697042,1581.4831441905699,980.5587325225611,600.9244116680088
2021-08-30,48767.84,51900.0,46512.0,51756.88,327484.443638,2178.709249280706,1220.18883587419,958.5204134065159
2021-09-06,51756.88,52920.0,42843.05,46025.24,399602.39982,2164.568001140149,1409.064668927382,755.5033322127672
2021-09-13,46025.23,48843.2,43370.0,47241.75,289430.44387,2225.8647668289923,1572.424688507704,653.4400783212882
2021-09-20,47241.75,47347.25,39600.0,43160.9,437174.23273,1922.9854263649395,1642.5368360791513,280.4485902857882
2021-09-27,43160.9,49228.08,40753.88,48200.01,290620.78115,2065.752718863303,1727.1800126359817,338.5727062273213
2021-10-04,48200.01,56561.31,46891.0,54659.0,424292.258599,2669.313159209727,1915.606641950731,753.706517258996
2021-10-11,54659.01,62933.0,53879.0,61528.33,362346.263174,3659.7493656439983,2264.435186689385,1395.3141789546135
2021-10-18,61528.32,67000.0,59510.63,60852.22,336367.00881,4340.090902130745,2679.5663297776573,1660.524572353088
2021-10-25,60852.22,63710.63,57820.0,61299.8,314971.8498,4859.366682544802,3115.5264003310867,1743.840282213715
2021-11-01,61299.81,64270.0,59405.0,63273.59,253033.72432,5368.282616686352,3566.0776436021397,1802.2049730842127
2021-11-08,63273.58,69000.0,62278.0,65519.1,294213.112708,5884.957919883447,4029.8536988584015,1855.1042210250457
2021-11-15,65519.11,66401.82,55600.0,58622.02,340150.61676,5672.501044383927,4358.383167963507,1314.1178764204205
2021-11-22,58617.7,59444.0,53256.64,57274.88,315216.31943,5333.938181307283,4553.4941706322625,780.4440106750208
2021-11-29,57274.89,59176.99,42000.3,49396.33,390528.912488,4379.408437514372,4518.677024008684,-139.26858649431233
2021-12-06,49396.32,51936.33,46751.0,50053.9,272083.99753,3634.105436679318,4341.762706542811,-707.6572698634936
2021-12-13,50053.9,50189.97,45456.0,46681.23,271834.80183,2739.719376917623,4021.354040617774,-1281.6346637001511
2021-12-20,46681.24,51810.0,45558.85,50775.49,209149.42595,2334.3753201024083,3683.958296514701,-1349.5829764122927
2021-12-27,50775.48,52088.0,45678.0,47286.18,217379.6422,1711.8459841918884,3289.535834050139,-1577.6898498582505
2022-01-03,47286.18,47570.0,40501.0,41864.62,264331.61587,772.111991849546,2786.0510656100205,-2013.9390737604745
2022-01-10,41864.62,44500.0,39650.0,43071.66,232059.06969,123.34226005028904,2253.5093044980745,-2130.1670444477854
2022-01-17,43071.66,43505.0,34008.0,36244.55,354513.98432,-930.9714872004188,1616.613146158376,-2547.5846333587947
2022-01-24,36244.55,38919.98,32917.17,37881.76,353702.626391,-1615.7877679558078,970.1329633355392,-2585.920731291347
2022-01-31,37881.75,42656.0,36250.0,42380.87,258946.95322,-1775.007842417086,421.10480218501414,-2196.1126446021003
2022-02-07,42380.87,45821.0,41645.85,42053.66,301990.47877,-1905.6271276227417,-44.24158377653703,-1861.3855438462047
2022-02-14,42053.65,44751.4,38000.0,38386.89,243150.46162,-2278.7534949192195,-491.14396600507354,-1787.609528914146
2022-02-21,38386.89,40348.45,34322.28,37699.07,412335.93267,-2599.989098984326,-912.9129926009241,-1687.076106383402
2022-02-28,37699.08,45400.0,37450.17,38420.81,376417.0783,-2764.465209303322,-1283.2234359414037,-1481.2417733619181
2022-03-07,38420.8,42594.06,37155.0,37777.34,374777.65361,-2913.155321840386,-1609.2098131212003,-1303.9455087191857
2022-03-14,37777.35,42400.0,37555.0,41262.11,323399.671,-2718.4647225820736,-1831.060795013375,-887.4039275686987
2022-03-21,41262.11,46999.0,40467.94,46827.76,315436.15044,-2090.9662220511236,-1883.0418804209246,-207.92434163019902
2022-03-28,46827.76,48189.84,44200.0,46407.35,312053.15964,-1609.0446478795639,-1828.2424339126526,219.19778603308873
2022-04-04,46407.36,47200.0,41868.0,42158.85,268118.29111,-1552.0457547493788,-1773.003098079998,220.9573433306191
2022-04-11,42158.85,42414.71,39200.0,39678.12,259281.0487,-1687.594362641692,-1755.921350992337,68.32698835064502
2022-04-18,39678.11,42976.0,38536.51,39450.13,283885.03637,-1792.7488062878983,-1763.2868420514492,-29.46196423644915
2022-04-25,39450.12,40797.31,37386.38,38468.35,368444.26814,-1933.0232130615623,-1797.234116253472,-135.78909680809033
2022-05-02,38468.35,40023.77,33713.95,34038.4,419979.5829,-2374.282384031685,-1912.6437698091147,-461.63861422257037
2022-05-09,34038.39,34243.15,26700.0,31328.89,964223.849274,-2909.0841574808437,-2111.9318473434605,-797.1523101373832
2022-05-16,31328.89,31328.9,28654.47,30293.94,375096.22376,-3377.49655368767,-2365.0447886123025,-1012.4517650753673
2022-05-23,30293.93,30670.51,28019.56,29468.1,430508.71991,-3771.875307938739,-2646.41089247759,-1125.4644154611487
2022-05-30,29468.1,32399.0,29282.36,29919.21,422401.40352,-4001.8911945122163,-2917.506952884515,-1084.3842416277012
2022-06-06,29919.2,31765.64,26560.0,26574.53,528925.487959,-4403.309553571067,-3214.6674730218256,-1188.6420805492417
2022-06-13,26574.53,26895.84,17622.0,20574.0,1153717.637537,-5146.305708918364,-3600.9951202011334,-1545.3105887172305
2022-06-20,20574.0,21888.0,19637.03,21038.07,570801.23178,-5632.758016282554,-4007.347699417418,-1625.4103168651363
2022-06-27,21038.08,21539.85,18626.0,19315.83,508544.1397,-6087.077311040452,-4423.293621742025,-1663.783689298427
2022-07-04,19315.83,22527.37,19055.31,20862.47,1111996.98071,-6250.278384585359,-4788.690574310692,-1461.5878102746674
2022-07-11,20861.11,21684.54,18910.94,20798.16,1043685.76303,-6312.0443722962045,-5093.361333907795,-1218.6830383884098
2022-07-18,20799.58,24276.74,20762.45,22579.68,1336219.23609,-6146.3888427557395,-5303.966835677384,-842.4220070783558
2022-07-25,22577.13,24668.0,20706.5,23293.32,1282264.24492,-5889.62888265702,-5421.099245073311,-468.5296375837088
2022-08-01,23296.36,23647.68,22400.0,23174.39,951140.43388,-5630.832687335722,-5463.045933525794,-167.7867538099281
2022-08-08,23174.39,25047.56,22664.69,24305.24,1251083.26468,-5273.692845561647,-5425.1753159329655,151.4824703713184
2022-08-15,24305.25,25211.32,20761.9,21515.61,1402957.39876,-5156.31795134479,-5371.4038430153305,215.08589167054015
2022-08-22,21516.7,21900.0,19520.0,19555.61,1343190.86,-5161.949382356146,-5329.512950883494,167.56356852734825
2022-08-29,19555.61,20576.25,19540.0,20000.3,1527594.84529,-5072.061992039045,-5278.022759114605,205.9607670755595
2022-09-05,20000.3,21860.0,18510.77,21826.87,2146685.76233,-4798.126834473922,-5182.0435741864685,383.9167397125466
2022-09-12,21826.87,22799.0,19320.01,19416.18,2218565.59694,-4721.131519179606,-5089.861163185096,368.7296440054906
2022-09-19,19417.45,19956.0,18125.98,18807.38,2285541.48793,-4655.57072777603,-5003.003076103283,347.43234832725284
2022-09-26,18809.13,20385.86,18471.28,19056.8,2777070.91238,-4531.253746160397,-4908.653210114706,377.3994639543089
2022-10-03,19057.74,20475.0,18959.68,19439.02,1690215.44019,-4351.725697929793,-4797.267707677724,445.54200974793093
2022-10-10,19439.96,19951.87,18190.0,19262.98,1666942.47921,-4175.520580963599,-4672.918282334899,497.3977013713002
2022-10-17,19262.98,19706.66,18650.0,19570.4,1439566.24878,-3965.360326007598,-4531.406691069439,566.0463650618412
2022-10-24,19570.4,21085.0,19157.0,20627.48,2026392.42105,-3671.1900940505257,-4359.363371665657,688.1732776151312
2022-10-31,20627.48,21480.65,20031.24,20905.58,2205754.83045,-3376.693301559364,-4162.829357644398,786.1360560850344
2022-11-07,20905.58,21069.77,15588.0,16329.85,3234391.873932,-3472.496859561339,-4024.762858027787,552.2659984664479
2022-11-14,16331.78,17190.0,15815.21,16280.23,1626234.48043,-3511.942304040822,-3922.198747230394,410.2564431895721
2022-11-21,16279.5,16812.63,15476.0,16428.78,1561058.479583,-3490.974577589808,-3835.953913302277,344.97933571246904
2022-11-28,16428.77,17324.0,15995.27,17105.7,1572173.55626,-3380.7643693721766,-3744.9160045162575,364.15163514408096
2022-12-05,17106.65,17424.25,16678.83,17085.05,1443791.97519,-3257.5374043085394,-3647.440284474714,389.9028801661748
2022-12-12,17085.05,18387.95,16527.32,16738.21,1511897.62621,-3151.5372760756763,-3548.259682794907,396.72240671923055
2022-12-19,16739.0,17061.27,16256.3,16832.11,1148035.81471,-3025.0831895561896,-3443.6243841471637,418.5411945909741
2022-12-26,16832.11,16972.83,16333.0,16616.75,1028681.78419,-2908.71530764427,-3336.642568846585,427.9272612023151
2023-01-02,16617.17,17176.99,16548.7,17127.83,1112349.61417,-2743.62622286833,-3218.0392996509345,474.41307678260455
2023-01-09,17127.83,21258.0,17104.66,20871.5,2145455.73458,-2284.3761852476564,-3031.306676770279,746.9304915226226
2023-01-16,20872.99,23371.8,20407.15,22707.88,2108890.06922,-1752.0402733198025,-2775.453396080184,1023.4131227603816
2023-01-23,22706.02,23960.54,22300.0,23742.3,1946352.796,-1232.483871970977,-2466.8594912583426,1234.3756192873657
2023-01-30,23743.37,24255.0,22500.0,22932.91,1949971.72168,-875.9453367606875,-2148.6766603588117,1272.7313235981242
2023-02-06,22932.91,23452.0,21451.0,21783.54,1976378.51282,-678.3113808351227,-1854.603604454074,1176.2922236189513
2023-02-13,21782.37,25250.0,21351.07,24271.76,2497565.47508,-317.2494338184006,-1547.1327703269394,1229.8833365085388
2023-02-20,24272.51,25250.0,22722.0,23554.85,2237983.72753,-87.94016554240807,-1255.2942493700332,1167.3540838276251
2023-02-27,23554.85,24000.0,21971.13,22430.24,1698503.29143,3.007781574593537,-1003.6338431811079,1006.6416247557014
2023-03-06,22430.24,22602.19,19549.09,21997.11,2718623.72856,39.67733807281547,-794.9716069303232,834.6489450031387
2023-03-13,21998.05,28390.1,21813.88,27972.87,3775888.94983,544.6536876019309,-527.0465480238724,1071.7002356258033
2023-03-20,27972.87,28868.05,26601.8,27968.05,1437828.84706,933.6990476307037,-234.8974288929572,1168.5964765236608
2023-03-27,27968.05,29184.68,26508.14,28171.87,500795.73087,1244.1253661987685,60.90713012538791,1183.2182360733805
2023-04-03,28171.87,28775.0,27200.24,28323.76,306532.39014,1485.275383695698,345.78078083944996,1139.494602856248
2023-04-10,28323.76,31000.0,28170.0,30304.65,377573.74044,1815.304082490209,639.6854411696017,1175.6186413206074
2023-04-17,30304.66,30485.0,27125.0,27590.6,430421.84646,1836.6809367310343,879.0845402818883,957.596396449146
2023-04-24,27590.59,30036.0,26942.82,29233.21,444613.47701,1963.5327634242021,1095.9741849103511,867.558578513851
2023-05-01,29233.2,29820.0,27666.95,28430.1,360117.97447,1976.4759009937843,1272.0745281270379,704.4013728667464
2023-05-08,28430.09,28631.01,25811.46,26917.62,338765.74243,1843.4389187364104,1386.3474062489124,457.091512487498
2023-05-15,26917.61,27663.59,26361.2,26747.78,230394.72253,1704.6513238767984,1450.0081897744897,254.64313410230875
2023-05-22,26747.78,28261.32,25871.89,28065.0,251061.07389,1681.5657572616983,1496.3197032719315,185.24605398976678
2023-05-29,28065.01,28447.14,26505.0,27115.21,233113.44204,1568.5489086913294,1510.7655443558112,57.78336433551817
2023-06-05,27115.2,27391.77,25351.02,25925.55,347786.76863,1367.2260910513905,1482.0576536949272,-114.8315626435367
2023-06-12,25925.54,26839.99,24800.0,26339.97,265685.74051,1226.9727599539947,1431.0406749467406,-204.06791499274595
2023-06-19,26339.98,31431.94,26256.61,30462.66,408189.22942,1431.9806314878952,1431.2286662549716,0.7519652329235669
2023-06-26,30462.67,31282.0,29500.0,30617.03,294881.44198,1588.5948826157328,1462.701909527124,125.89297308860887
2023-07-03,30617.02,31500.0,29701.02,30160.71,244056.69119,1656.7931148940588,1501.520150600511,155.27296429354783
2023-07-10,30160.71,31804.2,29900.0,30231.99,269249.39031,1697.0300989879725,1540.6221402780034,156.40795870996908
2023-07-17,30232.0,30417.46,29512.0,30083.75,180919.27148,1697.3900141727972,1571.9757150569621,125.41429911583509
2023-07-24,30083.75,30099.58,28861.9,29281.09,168154.81375,1614.2986655093628,1580.4403051474424,33.858360361920404
2023-07-31,29281.09,30047.5,28585.7,29088.42,190359.38216,1515.4323534168216,1567.4387148013182,-52.006361384496586
2023-08-07,29088.43,30244.0,28701.03,29303.84,178844.98681,1437.887609145837,1541.528493670222,-103.640884524385
2023-08-14,29303.85,29695.32,25166.0,26189.99,307223.55373,1112.3487056954,1455.6925360752577,-343.34383037985776
2023-08-21,26190.0,26819.27,25300.0,26101.77,188618.43325,837.5830268587852,1332.0706342319634,-494.4876073731782
2023-08-28,26101.78,28142.85,25333.75,25971.21,258183.08813,602.3506229057821,1186.126631966727,-583.776009060945
2023-09-04,25971.21,26445.5,25372.51,25841.61,156769.66561,400.848874818319,1029.0710805370454,-628.2222057187264
2023-09-11,25841.6,26888.0,24901.0,26527.51,221247.03537,293.1247260339187,881.8818096364201,-588.7570836025014
2023-09-18,26527.5,27483.57,26122.08,26248.38,191220.58923,183.1182308206844,742.1290938732731,-559.0108630525887
2023-09-25,26248.39,28065.51,25990.46,27992.57,189937.16919,233.98165216848065,640.4996055323146,-406.51795336383395
2023-10-02,27992.58,28580.0,27160.5,27917.05,217523.39638,265.1410660202491,565.4278976299015,-300.2868316096524
2023-10-09,27917.06,27987.93,26538.66,27154.15,164897.39085,225.6740419323687,497.477126490395,-271.8030845580263
2023-10-16,27154.14,30379.99,27112.66,29992.46,294677.81127,418.5986920979085,481.7014396118977,-63.102747513989186
2023-10-23,29992.46,35280.0,29883.6,34525.89,373306.40874,926.6212676737814,570.6854052242745,355.9358624495069
2023-10-30,34525.88,35984.99,34025.0,35011.88,249862.2126,1352.8532996187132,727.1189841031623,625.7343155155509
2023-11-06,35011.89,37972.24,34523.06,37064.13,261060.64807,1835.0908938819011,948.7133660589102,886.3775278229909
2023-11-13,37064.13,37980.0,34800.0,37359.86,255993.59565,2215.5906512803376,1202.0888231031959,1013.5018281771418
2023-11-20,37359.85,38414.0,35632.01,37447.43,229889.97507,2495.439741535174,1460.7590067895917,1034.6807347455824
2023-11-27,37447.42,40250.0,36707.0,39972.26,222103.26117,2887.6676072159207,1746.1407268748576,1141.5268803410631
2023-12-04,39972.26,44700.0,39972.26,43789.51,332080.41362,3466.5707201314217,2090.2267255261704,1376.3439946052513
2023-12-11,43789.5,43804.5,40222.0,41374.65,292562.41578,3687.983806089356,2409.778141638808,1278.2056644505483
2023-12-18,41374.64,44398.26,40542.93,42991.5,245481.20612,3948.4067787790264,2717.5038690668516,1230.9029097121747
2023-12-25,42991.5,43802.32,41300.0,42283.58,228462.70228,4050.973531982854,2984.197801650052,1066.7757303328021
2024-01-01,42283.58,45879.63,40750.0,43929.02,310487.48622,4216.427329712547,3230.6437072625513,985.7836224499961
2024-01-08,43929.01,48969.48,41500.0,41732.35,470798.80434,4122.772985145064,3409.069562839054,713.70342230601
2024-01-15,41732.35,43578.01,40280.0,41580.33,238486.27274,3990.286954670315,3525.313041205306,464.973913465009
2024-01-22,41580.32,42842.68,38555.0,42031.06,274603.16207,3876.969672051404,3595.644367374526,281.32530467687775
2024-01-29,42031.05,43882.36,41804.88,42582.88,203036.61925,3788.0261637653457,3634.1207266526903,153.90543711265536
2024-02-05,42582.88,48592.66,42258.1,48299.99,262240.48357,4131.238444580944,3733.5442702383416,397.6941743426023
2024-02-12,48300.0,52816.62,47710.01,52137.67,310862.3017,4659.197029897085,3918.6748221700905,740.5222077269941
2024-02-19,52137.68,52985.0,50521.0,51728.85,223366.16186,4987.1311120690225,4132.366080149877,854.7650319191453
2024-02-26,51728.85,64000.0,50901.44,63113.97,417907.83383,6095.440821895252,4524.981028498953,1570.4597933962996
2024-03-04,63113.97,69990.0,59005.0,68955.88,481870.181782,7360.332237606453,5092.051270320453,2268.2809672860003
2024-03-11,68955.88,73777.0,64533.0,68393.48,477496.91752,8222.601782820573,5718.1613728204775,2504.4404100000957
2024-03-18,68393.47,68956.0,60775.0,67209.99,409762.74414,8710.054768013157,6316.540051859013,2393.5147161541436
2024-03-25,67210.0,71769.54,66385.06,71280.01,235409.95755,9317.376454212332,6916.707332329677,2400.6691218826545
2024-04-01,71280.0,71288.23,64493.07,69360.39,274227.11488,9533.885280103852,7440.142921884513,2093.7423582193387
2024-04-08,69360.38,72797.99,60660.57,65661.84,348008.31904,9299.825411157282,7812.079419739068,1487.7459914182145
2024-04-15,65661.85,66867.07,59600.01,64941.15,312265.13225,8952.973315416726,8040.2581988746,912.7151165421265
2024-04-22,64941.15,67232.35,62391.24,63118.62,183902.50753,8433.80790347849,8118.968139795378,314.8397636831114
2024-04-29,63118.62,64734.0,56552.82,64012.0,298372.0172,8002.20938525362,8095.616388887027,-93.40700363340693
2024-05-06,64012.0,65500.0,60187.12,61483.99,179712.75232,7371.20451330817,7950.734013771256,-579.5295004630862
2024-05-13,61484.0,67700.0,60749.21,66274.01,195247.04901,7174.935003797538,7795.574211776513,-620.6392079789748
2024-05-20,66274.0,71979.0,66060.31,68507.67,220708.83749,7117.580658696068,7659.975501160425,-542.3948424643568
2024-05-27,68507.67,70687.56,66670.0,67765.63,158352.25614,6932.338813859351,7514.44816370021,-582.1093498408591
2024-06-03,67765.62,71997.02,67612.48,69648.14,165061.19141,6858.377040111387,7383.233938982446,-524.8568988710585
2024-06-10,69648.15,70195.94,65078.0,66676.87,174066.07718,6485.247251105313,7203.636601407019,-718.3893503017061
2024-06-17,66676.86,67298.81,63178.32,63210.01,155589.33133,5842.444513267437,6931.398183779103,-1088.9536705116661
2024-06-24,63210.01,63369.8,58402.0,62772.01,177837.60164,5237.303399425604,6592.579226908404,-1355.2758274828002
2024-07-01,62772.01,63861.76,53485.93,55857.81,251967.61048,4151.945507960627,6104.452483118849,-1952.5069751582223
2024-07-08,55857.81,61420.69,54260.16,60797.91,190723.74928,3648.3603165511886,5613.234049805317,-1964.8737332541286
2024-07-15,60797.91,68366.66,60632.3,68165.34,205198.52303,3799.9519720959142,5250.577634263437,-1450.625662167523
2024-07-22,68165.35,69399.99,63456.7,68249.88,177889.46168,3882.159998837851,4976.89410717832,-1094.734108340469
2024-07-29,68249.88,70079.99,57122.77,58161.0,216238.9234,3097.5159172386484,4601.018469190386,-1503.5025519517376
2024-08-05,58161.0,62745.14,49000.0,58712.59,370726.80645,2491.4684354473793,4179.1084624417845,-1687.6400269944052
2024-08-12,58712.59,61800.0,56078.54,58427.35,179945.24534,1965.4979191100865,3736.386353775445,-1770.8884346653585
2024-08-19,58427.35,65000.0,57787.3,64220.0,169792.31289,1993.1056579442884,3387.730214609214,-1394.6245566649254
2024-08-26,64219.99,64481.0,57201.0,57301.86,176518.33308,1440.1477820116052,2998.2137280896923,-1558.065946078087
2024-09-02,57301.77,59809.65,52550.0,54869.95,196506.89846,796.5082178818775,2557.8726260481294,-1761.364408166252
2024-09-09,54869.95,60625.0,54591.96,59132.0,175833.33846,623.1477819639258,2170.927657231289,-1547.779875267363
2024-09-16,59132.0,64133.32,57493.3,63578.76,178097.29669,834.949972832037,1903.7321203514384,-1068.7821475194014
2024-09-23,63578.76,66498.0,62538.75,65602.01,132963.29721,1152.775621257686,1753.540820532688,-600.765199275002
2024-09-30,65602.01,65618.8,59828.11,62819.91,169447.68762,1166.7133729158668,1636.175331009324,-469.46195809345727
2024-10-07,62819.91,64478.19,58946.0,62870.02,136109.36376,1168.334763839899,1542.607217575439,-374.27245373554
2024-10-14,62870.02,69400.0,62457.81,69031.99,185982.16665,1647.8438904745126,1563.654552155254,84.1893383192587
2024-10-21,69032.0,69519.52,65260.0,68021.7,159069.27886,1924.1558969207254,1635.7548211083483,288.40107581237703
2024-10-28,68021.69,73620.12,67478.73,68775.99,209232.69647,2178.8832421772095,1744.3805053221208,434.50273685508864
2024-11-04,68775.99,81500.0,66835.0,80370.01,327445.15705,3278.5044586353906,2051.205295984775,1227.2991626506155
2024-11-11,80370.01,93265.64,80216.01,89855.99,417630.302334,4859.385531830441,2612.8413431539084,2246.544188676533
2024-11-18,89855.98,99588.01,89376.9,97900.04,303784.771782,6684.280554626224,3427.129185448372,3257.1513691778523
2024-11-25,97900.05,98871.8,90791.1,97185.18,237818.37314,7980.841606051661,4337.87166956903,3642.969936482631
2024-12-02,97185.17,104088.0,90500.0,101109.59,302152.735462,9218.774377327412,5314.0522111207065,3904.722166206706
2024-12-09,101109.6,105250.0,94150.05,104463.99,230968.339905,10351.194931719234,6321.480755240413,4029.714176478821
2024-12-16,104463.99,108353.0,92232.54,95186.27,281544.242246,10380.353657448199,7133.255335681971,3247.098321766228
2024-12-23,95186.28,99963.7,92520.0,93738.2,140614.68725,10169.388628803397,7740.481994306257,2428.9066344971407
2024-12-30,93738.19,98976.91,91530.45,98363.61,111914.7951,10257.19074449419,8243.823744343843,2013.367000150347
2025-01-06,98363.61,102724.38,91203.67,94545.06,172710.45967,9904.476838046874,8575.95436308445,1328.522474962425
2025-01-13,94545.07,106422.43,89256.69,101331.57,235685.9926,10056.636520026354,8872.090794472831,1184.545725553522
2025-01-20,101331.57,109588.0,99550.0,102620.0,254162.140922,10164.025142431638,9130.477664064594,1033.5474783670434
2025-01-27,102620.01,106457.44,96150.0,97700.59,184203.26328,9739.900614202925,9252.36225409226,487.53836011066414
2025-02-03,97700.59,102500.01,91231.0,96462.75,221243.61368,9197.868227537096,9241.463448781229,-43.59522124413343
2025-02-10,96462.75,98826.0,94088.23,96118.12,122007.40976,8640.88811573296,9121.348382171574,-480.4602664386148
2025-02-17,96118.12,99475.0,93388.09,96258.0,127758.44873,8117.194545336766,8920.517614804614,-803.3230694678477
2025-02-24,96258.0,96500.0,78258.52,94270.0,373604.39736,7455.802778840167,8627.574647611726,-1171.7718687715587
2025-03-03,94269.99,94416.46,80000.0,80734.37,284471.65101,5772.8865768403775,8056.637033457457,-2283.750456617079
2025-03-10,80734.48,85309.71,76606.0,82574.53,211663.09876,4535.3679960503505,7352.383225976036,-2817.015229925685
2025-03-17,82574.52,87453.67,81134.66,86082.5,110906.17448,3793.955113710006,6640.697603522831,-2846.7424898128247
2025-03-24,86082.5,88765.43,81565.0,82389.99,137009.32282,2875.2809168483655,5887.614266187938,-3012.333349339572
2025-03-31,82390.0,88500.0,77153.83,78430.0,178247.49297,1806.8585584314278,5071.463124636635,-3264.6045662052074
2025-04-07,78430.0,86100.0,74508.0,83760.0,300064.17057,1374.3697185499914,4332.044443419307,-2957.6747248693155
2025-04-14,83760.0,86496.42,83111.64,85179.24,108454.4036,1133.0785794001422,3692.251270615474,-2559.1726912153317
2025-04-21,85179.24,95758.04,85144.76,93749.3,170625.92469,1614.7717486770562,3276.7553662277905,-1661.9836175507344
2025-04-28,93749.29,97895.68,92800.01,94277.62,113820.08215,2015.9099098065053,3024.5862749435337,-1008.6763651370284
2025-05-05,94277.61,104984.57,93377.0,104118.0,145910.00118,3092.206190921541,3038.110258139135,54.095932782405725
2025-05-12,104118.0,106660.0,100718.37,106454.26,135512.85987,4086.5877651179762,3247.8057595349037,838.7820055830725
2025-05-19,106454.27,111980.0,102000.0,109004.19,197357.632795,5022.5040666665445,3602.745420961232,1419.7586457053126
2025-05-26,109004.2,110718.0,103068.55,105642.93,116099.819,5430.4006098551035,3968.276458740007,1462.1241511150965
2025-06-02,105642.93,106794.67,100372.26,105734.0,95301.97979,5695.357609676867,4313.692688927379,1381.6649207494875
2025-06-09,105734.01,110530.17,102664.31,105594.01,110085.74896,5826.873349028072,4616.328820947518,1210.5445280805543
2025-06-16,105594.02,108952.38,98200.0,100963.87,110755.93156,5494.153733431129,4791.89380344424,702.2599299868889
2025-06-23,100963.87,108528.5,99613.33,108356.93,91938.97808,5760.624305445701,4985.6399038445325,774.9844016011684
2025-06-30,108356.93,110529.18,105100.19,109203.84,72977.1763,5971.309177474817,5182.77375857059,788.5354189042273
2025-07-07,109203.85,119488.0,107429.57,119086.64,104658.05244,6856.69807519023,5517.558621894518,1339.139453295712
2025-07-14,119086.65,123218.0,115736.92,117265.12,131579.689337,7326.933387358236,5879.433574987262,1447.4998123709747
2025-07-21,117265.11,120247.8,114723.16,119415.55,123158.43225,7783.397824101194,6260.226424810048,1523.1713992911455
2025-07-28,119415.56,119800.0,111920.0,114208.8,105088.6224,7636.973689650797,6535.5758777781975,1101.397811872599
2025-08-04,114208.81,119311.11,112650.0,119294.01,78822.4007,7840.880664771976,6796.636835176953,1044.2438295950224
2025-08-11,119294.27,124474.0,116803.99,117405.01,120321.123656,7760.592617761256,6989.427991693815,771.1646260674415
2025-08-18,117405.01,117543.75,110680.0,113493.59,117920.88503,7297.226967051887,7050.9877867654295,246.23918028645767
2025-08-25,113493.59,113667.28,107350.1,108246.35,110910.33675,6432.448671287522,6927.279963669849,-494.83129238232686
2025-09-01,108246.36,113384.62,107255.0,111137.34,90809.75324,5912.23184501873,6724.270339939626,-812.0384949208956
2025-09-08,111137.35,116665.63,110621.78,115268.01,88456.94711,5766.790834750951,6532.774438901891,-765.9836041509398
2025-09-15,115268.01,117900.0,114384.0,115232.29,70729.4403,5584.2734525212,6343.0742416257535,-758.8007891045536
2025-09-22,115232.29,115379.25,108620.07,112163.95,93970.57704,5132.869196329542,6101.033232566512,-968.1640362369699
2025-09-29,112163.96,125708.42,111560.65,123482.31,124480.098903,5623.599773998998,6005.54654085301,-381.9467668540119
2025-10-06,123482.32,126199.63,102000.0,114958.8,211576.359223,5264.050571044863,5857.24734689138,-593.1967758465171
2025-10-13,114958.81,115963.81,103528.23,108642.78,171795.75097,4418.521245983429,5569.50212670979,-1150.9808807263607
2025-10-20,108642.77,115466.8,106666.69,114559.4,137472.95078,4177.697059727492,5291.141113313331,-1113.4440535858384
2025-10-27,114559.41,116400.0,106304.34,110540.68,125045.90669,3620.82640599733,4957.078171850131,-1336.2517658528013
2025-11-03,110540.69,110750.0,98944.36,104722.96,199598.71888,2679.1771313540667,4501.497963750919,-1822.320832396852
2025-11-10,104722.95,107500.0,93005.55,94261.44,189823.3545,1076.3485870454897,3816.4680884098334,-2740.1195013643437
2025-11-17,94261.45,96043.0,80600.0,86830.0,257258.09768,-784.5162677494955,2896.2712171779676,-3680.787484927463
2025-11-24,86830.0,93092.0,85272.0,90360.0,118687.98554,-1951.923019879483,1926.6323697664777,-3878.5553896459605
2025-12-01,90360.01,94150.0,83822.76,90395.31,149459.29022,-2841.4970505240053,973.0064857083813,-3814.5035362323865
2025-12-08,90395.32,94588.99,87577.36,88172.17,107997.17703,-3683.419529797946,41.72128260711588,-3725.1408124050618
2025-12-15,88172.16,90365.85,84450.01,88658.86,116986.93155,-4262.24483943083,-819.0719418004734,-3443.172897630357
2025-12-22,88658.87,90588.23,86420.0,87952.71,72081.43375,-4723.498915759366,-1599.957336592252,-3123.5415791671144
2025-12-29,87952.71,91810.0,86806.5,91529.73,85720.05743,-4745.704942332886,-2229.106857740379,-2516.5980845925073
2026-01-05,91529.74,94789.08,89311.0,91013.65,93800.8281,-4750.189493724305,-2733.3233849371645,-2016.8661087871405
2026-01-12,91013.66,97924.49,90128.44,93673.14,106130.99963,-4487.416769102492,-3084.14206177023,-1403.274707332262
2026-01-19,93673.14,93673.14,86074.72,86670.36,100317.13896,-4789.028374950343,-3425.1193244062533,-1363.90905054409
2026-01-26,86670.36,90600.0,75700.0,76968.21,175738.70675,-5744.718625971291,-3889.039184719261,-1855.6794412520298
2026-02-02,76968.22,79360.0,60000.0,70330.38,384283.11539,-6957.525419495156,-4502.73643167444,-2454.788987820716
2026-02-09,70330.38,71453.53,65118.0,68832.58,163165.87355,-7947.9247543700185,-5191.774096213556,-2756.1506581564627
2026-02-16,68832.59,70126.67,65631.83,67643.4,113599.38988,-8728.167369962932,-5899.052750963432,-2829.1146189994997
2026-02-23,67643.39,69988.83,62510.28,65776.47,174645.67528,-9388.931158590276,-6597.028432488801,-2791.9027261014753
2026-03-02,65776.48,74050.0,65259.21,65971.2,185435.28412,-9784.09320200386,-7234.441386391813,-2549.6518156120474
2026-03-09,65971.2,73913.74,65821.97,72815.24,173796.90567,-9436.230151094205,-7674.799139332292,-1761.4310117619134
2026-03-16,72815.25,76000.0,67360.66,67859.0,145050.61744,-9451.52206105282,-8030.143723676398,-1421.3783373764218
2026-03-23,67859.0,72026.09,65000.0,66010.93,137696.42185,-9503.217636535453,-8324.758506248209,-1178.459130287245
2026-03-30,66010.93,69310.0,65712.12,69034.18,110218.58039,-9194.250151383269,-8498.65683527522,-695.5933161080484
2026-04-06,69034.18,73790.0,67732.01,70740.98,121909.25954,-8711.248843627196,-8541.175236945615,-170.0736066815807
2026-04-13,70741.56,78333.0,70566.99,73801.79,128729.92407,-7989.388345030529,-8430.817858562597,441.4295135320681
2026-04-20,73801.8,79472.82,73724.31,78657.55,94938.10789,-6945.42689063109,-8133.739664976296,1188.312774345206
2026-04-27,78657.55,79485.66,74937.52,78568.57,88811.52864,-6055.456327889289,-7718.082997558895,1662.6266696696057
2026-05-04,78568.58,82850.0,78202.0,82210.07,113527.76932,-4998.687866164066,-7174.203971279929,2175.516105115863
2026-05-11,82210.07,82380.0,76735.16,77457.67,97802.77673,-4492.879095682321,-6637.938996160408,2145.059900478087
2026-05-18,77457.67,78200.0,74289.6,77064.96,87142.14908,-4076.7165650122042,-6125.694509930769,2048.9779449185644
2026-05-25,77064.96,78080.0,72512.49,73490.0,80485.30146,-3989.3869861109706,-5698.433005166809,1709.0460190558388
